{
  "version": 2,
  "builds": [
    {
      "src": "server.js",
      "use": "@vercel/node"
    }
  ],
  "routes": [
    {
      "src": "/(.*)",
      "dest": "server.js",
      "methods": ["GET", "POST", "PATCH", "DELETE", "PUT", "OPTIONS"],
      "headers": {
        "Access-Control-Allow-Origin": "https://notes-app-frontend-rouge.vercel.app",  
        "Access-Control-Allow-Credentials": "true",
        "Access-Control-Allow-Headers": "Content-Type, Authorization, X-CSRF-Token, X-Requested-With, Accept, Accept-Version, Content-Length, Content-MD5, Date, X-Api-Version",
        "Access-Control-Allow-Methods": "GET, POST, PATCH, DELETE, PUT, OPTIONS"
      }
    }
  ]
}
